__v,_id,consumo.programado,consumo.solicitado,contrato.cliente,contrato.createdAt,contrato.deletedAt,contrato.fimVigencia,contrato.id,contrato.inicioVigencia,contrato.isDeleted,contrato.limiteLancamento,contrato.numero,contrato.pontoEntrega,contrato.qdc,contrato.status,contrato.tipoGas,contrato.tipoProgramacao,contrato.updatedAt,createdAt,data,dataPeriodo,idUsuario,situacao,tipo,updatedAt
0,6310a995c42d1cece4c63591,[],"[{""BA1"":1},{""BA2"":1},{""BA3"":1},{""BA4"":1}]",,2022-07-27T20:50:31.505Z,,2024-07-01T03:00:00.000Z,62e1a5170b80239de9b75e3b,2022-02-28T03:00:00.000Z,,,55516,"[""SP1"",""SP2"",""MG1"",""MG2""]",500000,Ativo,GN,"[""Mensal"",""Semanal"",""Diaria"",""Intradiaria""]",2022-08-30T15:21:32.818Z,2022-09-01T12:46:13.807Z,2022-11-01T00:00:00.000Z,2022-11-01T00:00:00.000Z,62d1c0035eb685ae2f54b9ab,Aguardando Lançamento,Anual,2022-10-28T20:00:42.788Z
0,6319ffaa470cf5793ce5482b,"[{""SP1"":3875000},{""SP2"":3875000},{""MG1"":3875000},{""MG2"":3875000}]","[{""SP1"":3875000},{""SP2"":3875000},{""MG1"":3875000},{""MG2"":3875000}]",,2022-08-02T17:44:24.378Z,,2024-07-10T03:00:00.000Z,62e962780bd0fc1f5963c9d5,2022-07-15T03:00:00.000Z,,,111221,"[""SP1"",""SP2"",""MG1"",""MG2""]",500000,Ativo,GN,"[""Mensal"",""Diaria"",""Intradiaria""]",2022-08-02T18:42:11.275Z,2022-09-08T14:43:54.518Z,2022-10-01T00:00:00.000Z,,62d1715f7d81187c2806e811,Aprovado Automaticamente,Mensal,2022-09-08T14:45:56.447Z
0,631f8e4daecd06b9509f9405,[],"[{""SP1"":3875000},{""SP2"":3875000},{""MG1"":3875000},{""MG2"":3876000}]",,2022-07-28T13:07:01.578Z,,2024-07-01T00:00:00.000Z,62e289f548af30164e4cfbcc,2022-02-28T00:00:00.000Z,,,55517,"[""SP1"",""SP2"",""MG1"",""MG2""]",500000,Ativo,GN,"[""Anual"",""Semestral"",""Trimestral"",""Mensal"",""Semanal"",""Diaria"",""Intradiaria""]",2022-08-29T17:59:47.854Z,2022-09-12T19:53:49.498Z,2022-10-01T00:00:00.000Z,,62d1715f7d81187c2806e811,Aguardando Lançamento,Mensal,2022-09-14T15:04:20.527Z
0,63370845882739a899ddf449,[],"[{""RJ1"":128.23000000000002}]",,2022-08-12T20:14:59.546Z,2022-08-15T20:04:24.762Z,2024-07-01T03:00:00.000Z,62f6b4c3e08e7d951ed9f5d0,2022-07-01T03:00:00.000Z,false,,112245,"[""RJ1""]",600000,Ativo,GN,"[""Mensal"",""Diaria"",""Intradiaria""]",2022-09-30T15:15:25.598Z,2022-09-30T15:16:21.200Z,2022-10-01T00:00:00.000Z,,6337066f6d17d117a918860b,Aguardando Lançamento,Mensal,2022-09-30T15:16:21.200Z
0,633715a79fe32946f7767f90,[],"[{""RN1"":1},{""RN2"":1}]",,2022-08-30T15:17:13.006Z,,2023-12-31T03:00:00.000Z,630e29f8554a3859ad22b4df,2022-01-01T03:00:00.000Z,,,664455,"[""RN1"",""RN2""]",120000,Ativo,GN,"[""Trimestral"",""Mensal"",""Diaria"",""Intradiaria""]",2022-09-30T15:38:35.213Z,2022-09-30T16:13:27.404Z,2022-09-30T00:00:00.000Z,,632c729b1e679e4f4792b15c,Aguardando Lançamento,Diaria,2022-10-31T15:20:29.718Z
0,63371aa4882739a899ddf4d5,[],"[{""SP1"":3333.33},{""SP2"":3.33}]",,2022-08-01T18:12:16.339Z,,2024-07-01T03:00:00.000Z,62e817806d66803aee3da68f,2022-07-01T03:00:00.000Z,,,215487,"[""SP1"",""SP2""]",780000,Ativo,GN,"[""Mensal"",""Semanal"",""Diaria"",""Intradiaria""]",2022-09-30T15:41:22.191Z,2022-09-30T16:34:44.017Z,2022-09-30T00:00:00.000Z,,63370e486d17d117a9188655,Aguardando Lançamento,Diaria,2022-09-30T16:34:44.017Z
0,63371ab5882739a899ddf4db,[],"[{""SP1"":1493.78},{""SP2"":583.8199999999999}]",,2022-08-01T18:12:16.339Z,,2024-07-01T03:00:00.000Z,62e817806d66803aee3da68f,2022-07-01T03:00:00.000Z,,,215487,"[""SP1"",""SP2""]",780000,Ativo,GN,"[""Mensal"",""Semanal"",""Diaria"",""Intradiaria""]",2022-09-30T15:41:22.191Z,2022-09-30T16:35:01.562Z,2022-10-02T00:00:00.000Z,,63370e486d17d117a9188655,Aguardando Lançamento,Semanal,2022-09-30T16:35:01.562Z
0,63371adf882739a899ddf50a,[],"[{""BH1"":1111.11},{""BH2"":1233.33}]",,2022-08-26T20:25:21.335Z,,2024-07-01T03:00:00.000Z,63092c313cbff575547c31a3,2022-07-28T03:00:00.000Z,,,111227,"[""BH1"",""BH2""]",1000,Ativo,GN,"[""Mensal"",""Semanal"",""Diaria"",""Intradiaria""]",2022-09-30T15:41:44.434Z,2022-09-30T16:35:43.170Z,2022-09-30T00:00:00.000Z,,63370e486d17d117a9188655,Aguardando Lançamento,Diaria,2022-09-30T16:35:43.170Z
0,63371dc1882739a899ddf580,[],"[{""SP1"":12123123},{""SP2"":33.33}]",,2022-08-01T18:12:16.339Z,,2024-07-01T03:00:00.000Z,62e817806d66803aee3da68f,2022-07-01T03:00:00.000Z,,,215487,"[""SP1"",""SP2""]",780000,Ativo,GN,"[""Mensal"",""Semanal"",""Diaria"",""Intradiaria""]",2022-09-30T15:41:22.191Z,2022-09-30T16:48:01.399Z,2022-09-30T00:00:00.000Z,,63370e486d17d117a9188655,Aguardando Lançamento,Intradiaria,2022-10-31T20:51:46.918Z
0,63371dca882739a899ddf586,[],"[{""BH1"":33.33},{""BH2"":3333.33}]",,2022-08-26T20:25:21.335Z,,2024-07-01T03:00:00.000Z,63092c313cbff575547c31a3,2022-07-28T03:00:00.000Z,,,111227,"[""BH1"",""BH2""]",1000,Ativo,GN,"[""Mensal"",""Semanal"",""Diaria"",""Intradiaria""]",2022-09-30T15:41:44.434Z,2022-09-30T16:48:10.575Z,2022-09-30T00:00:00.000Z,,63370e486d17d117a9188655,Aguardando Lançamento,Intradiaria,2022-09-30T16:48:10.575Z
0,63371e7a882739a899ddf5a6,[],"[{""SP1"":118.78999999999995},{""SP2"":103.22999999999996}]",,2022-08-01T18:12:16.339Z,,2024-07-01T03:00:00.000Z,62e817806d66803aee3da68f,2022-07-01T03:00:00.000Z,,,215487,"[""SP1"",""SP2""]",780000,Ativo,GN,"[""Mensal"",""Semanal"",""Diaria"",""Intradiaria""]",2022-09-30T16:49:33.514Z,2022-09-30T16:51:06.678Z,2022-10-01T00:00:00.000Z,,63370e486d17d117a9188655,Aguardando Lançamento,Mensal,2022-09-30T16:51:06.678Z
0,6337245e011e9379e5e50315,[],"[{""SP1"":2222.22},{""SP2"":2333.44}]",,2022-08-01T18:12:16.339Z,,2024-07-01T03:00:00.000Z,62e817806d66803aee3da68f,2022-07-01T03:00:00.000Z,,,215487,"[""SP1"",""SP2""]",780000,Ativo,GN,"[""Mensal"",""Semanal"",""Diaria"",""Intradiaria""]",2022-09-30T16:49:33.514Z,2022-09-30T17:16:14.936Z,2022-10-01T00:00:00.000Z,,63370e486d17d117a9188655,Aguardando Lançamento,Diaria,2022-09-30T17:16:14.936Z
0,633724cd011e9379e5e50324,[],"[{""BH1"":12.33},{""BH2"":44.44}]",,2022-08-26T20:25:21.335Z,,2024-07-01T03:00:00.000Z,63092c313cbff575547c31a3,2022-07-28T03:00:00.000Z,,,111227,"[""BH1"",""BH2""]",1000,Ativo,GN,"[""Mensal"",""Semanal"",""Diaria"",""Intradiaria""]",2022-09-30T16:49:41.694Z,2022-09-30T17:18:05.439Z,2022-10-01T00:00:00.000Z,,63370e486d17d117a9188655,Aguardando Lançamento,Diaria,2022-09-30T17:18:05.439Z
0,63374fcd3a9a8b107cc4e767,[],"[{""RJ1"":30}]",,2022-08-15T20:01:11.107Z,2022-08-15T20:08:00.619Z,2024-07-01T03:00:00.000Z,62faa607145e106e5e39f548,2022-07-01T03:00:00.000Z,true,,555777,"[""RJ1""]",700000,Ativo,GN,"[""Mensal"",""Diaria"",""Intradiaria""]",2022-09-30T15:10:57.693Z,2022-09-30T20:21:33.109Z,2022-11-01T00:00:00.000Z,,6337066f6d17d117a918860b,Aguardando Lançamento,Mensal,2022-09-30T20:21:33.109Z
0,6349733a8d83c972b2e09a5c,[],"[{""SP1"":3875000},{""SP2"":3875000},{""MG1"":3875000},{""MG2"":3875000}]",,,,2024-07-10T03:00:00.000Z,62e962780bd0fc1f5963c9d5,2022-07-15T03:00:00.000Z,,,111221,"[""SP1"",""SP2"",""MG1"",""MG2""]",500000,Ativo,GN,"[""Trimestral"",""Mensal"",""Semanal"",""Diaria"",""Intradiaria""]",,2022-10-14T14:33:30.438Z,2023-01-01T00:00:00.000Z,2022-12-01T00:00:00.000Z,62d1c0035eb685ae2f54b9ab,Aguardando Lançamento,Trimestral,2022-10-14T14:33:30.438Z
0,6349733a8d83c972b2e09a5b,[],"[{""SP1"":3875000},{""SP2"":3875000},{""MG1"":3875000},{""MG2"":3875000}]",,,,2024-07-10T03:00:00.000Z,62e962780bd0fc1f5963c9d5,2022-07-15T03:00:00.000Z,,,111221,"[""SP1"",""SP2"",""MG1"",""MG2""]",500000,Ativo,GN,"[""Trimestral"",""Mensal"",""Semanal"",""Diaria"",""Intradiaria""]",,2022-10-14T14:33:30.438Z,2022-12-01T00:00:00.000Z,2022-12-01T00:00:00.000Z,62d1c0035eb685ae2f54b9ab,Aguardando Lançamento,Trimestral,2022-10-14T14:33:30.438Z
0,6349733a8d83c972b2e09a5d,[],"[{""SP1"":3500000},{""SP2"":3500000},{""MG1"":3500000},{""MG2"":3500000}]",,,,2024-07-10T03:00:00.000Z,62e962780bd0fc1f5963c9d5,2022-07-15T03:00:00.000Z,,,111221,"[""SP1"",""SP2"",""MG1"",""MG2""]",500000,Ativo,GN,"[""Trimestral"",""Mensal"",""Semanal"",""Diaria"",""Intradiaria""]",,2022-10-14T14:33:30.438Z,2023-02-01T00:00:00.000Z,2022-12-01T00:00:00.000Z,62d1c0035eb685ae2f54b9ab,Aguardando Lançamento,Trimestral,2022-10-14T14:33:30.438Z
0,634da0791ea68fc45c318cfe,"[{""BA1"":140},{""BA2"":30},{""BA3"":30},{""BA4"":25029}]","[{""BA1"":3850000},{""BA2"":3750000},{""BA3"":3750000},{""BA4"":3750000}]",,2022-09-27T21:06:10.133Z,,2025-09-27T03:00:00.000Z,633365c27cade81f2eac9313,2022-09-27T03:00:00.000Z,,,1664312711086,"[""BA1"",""BA2"",""BA3"",""BA4""]",500000,Ativo,GN,"[""Diaria"",""Intradiaria"",""Trimestral""]",2022-10-03T19:33:03.540Z,2022-10-17T18:35:37.915Z,2022-11-01T00:00:00.000Z,2022-11-01T00:00:00.000Z,62d1c0035eb685ae2f54b9ab,Aprovado Manualmente,Trimestral,2022-10-19T16:52:03.964Z
0,634da0791ea68fc45c318d00,[],"[{""BA1"":3975000},{""BA2"":3875000},{""BA3"":3875000},{""BA4"":3875000}]",,2022-09-27T21:06:10.133Z,,2025-09-27T03:00:00.000Z,633365c27cade81f2eac9313,2022-09-27T03:00:00.000Z,,,1664312711086,"[""BA1"",""BA2"",""BA3"",""BA4""]",500000,Ativo,GN,"[""Diaria"",""Intradiaria"",""Trimestral""]",2022-10-03T19:33:03.540Z,2022-10-17T18:35:37.916Z,2022-12-01T00:00:00.000Z,2022-11-01T00:00:00.000Z,62d1c0035eb685ae2f54b9ab,Aguardando Aprovação,Trimestral,2022-10-17T18:35:37.916Z
0,634da0791ea68fc45c318cff,[],"[{""BA1"":3975000},{""BA2"":3875000},{""BA3"":3875000},{""BA4"":3875000}]",,2022-09-27T21:06:10.133Z,,2025-09-27T03:00:00.000Z,633365c27cade81f2eac9313,2022-09-27T03:00:00.000Z,,,1664312711086,"[""BA1"",""BA2"",""BA3"",""BA4""]",500000,Ativo,GN,"[""Diaria"",""Intradiaria"",""Trimestral""]",2022-10-03T19:33:03.540Z,2022-10-17T18:35:37.915Z,2022-11-01T00:00:00.000Z,2022-11-01T00:00:00.000Z,62d1c0035eb685ae2f54b9ab,Aguardando Aprovação,Trimestral,2022-10-17T18:35:37.915Z
0,634e5492a2e2b45558f472e3,[],"[{""BA1"":300000},{""BA2"":305000}]",,2022-10-17T18:21:46.774Z,,2023-10-17T03:00:00.000Z,634d9d3a59cbd80ce963c080,2022-10-17T03:00:00.000Z,,,123456,"[""BA1"",""BA2""]",600000,Ativo,GN,"[""Mensal""]",2022-10-18T07:23:10.740Z,2022-10-18T07:24:02.365Z,2022-11-01T00:00:00.000Z,,634d967425df4d53a496fb59,Aguardando Lançamento,Mensal,2022-10-18T07:24:12.076Z
0,634ed93890475d90a7598422,[],"[{""BH1"":84},{""BH2"":123145}]",,2022-08-26T20:25:21.335Z,,2024-07-01T03:00:00.000Z,63092c313cbff575547c31a3,2022-07-28T03:00:00.000Z,,,111227,"[""BH1"",""BH2""]",1000,Ativo,GN,"[""Mensal"",""Semanal"",""Diaria"",""Intradiaria""]",2022-09-30T16:49:41.694Z,2022-10-18T16:50:00.675Z,2022-10-23T00:00:00.000Z,,633dedba39d08cd16c7bfb41,Aguardando Lançamento,Semanal,2022-10-18T18:12:42.556Z
0,634ed94090475d90a759842a,[],"[{""BH1"":123},{""BH2"":123}]",,2022-08-26T20:25:21.335Z,,2024-07-01T03:00:00.000Z,63092c313cbff575547c31a3,2022-07-28T03:00:00.000Z,,,111227,"[""BH1"",""BH2""]",1000,Ativo,GN,"[""Mensal"",""Semanal"",""Diaria"",""Intradiaria""]",2022-09-30T16:49:41.694Z,2022-10-18T16:50:08.611Z,2022-10-19T00:00:00.000Z,,633dedba39d08cd16c7bfb41,Aguardando Lançamento,Diaria,2022-10-18T16:50:08.611Z
0,634ed94690475d90a7598430,[],"[{""BH1"":234},{""BH2"":243}]",,2022-08-26T20:25:21.335Z,,2024-07-01T03:00:00.000Z,63092c313cbff575547c31a3,2022-07-28T03:00:00.000Z,,,111227,"[""BH1"",""BH2""]",1000,Ativo,GN,"[""Mensal"",""Semanal"",""Diaria"",""Intradiaria""]",2022-09-30T16:49:41.694Z,2022-10-18T16:50:14.422Z,2022-10-18T00:00:00.000Z,,633dedba39d08cd16c7bfb41,Aguardando Lançamento,Intradiaria,2022-10-18T16:50:14.422Z
0,634ed9dc90475d90a759844f,[],"[{""BH1"":15100},{""BH2"":15000}]",,2022-08-26T20:25:21.335Z,,2024-07-01T03:00:00.000Z,63092c313cbff575547c31a3,2022-07-28T03:00:00.000Z,,,111227,"[""BH1"",""BH2""]",1000,Ativo,GN,"[""Trimestral"",""Mensal"",""Semanal"",""Diaria"",""Intradiaria""]",2022-10-18T16:51:48.014Z,2022-10-18T16:52:44.106Z,2022-11-01T00:00:00.000Z,,633dedba39d08cd16c7bfb41,Aguardando Lançamento,Mensal,2022-10-20T12:35:29.074Z
0,634ee9be2545bbbbf5a86fcc,[],"[{""SP1"":5300002},{""SP2"":7}]",,2022-08-01T18:12:16.339Z,,2024-07-01T03:00:00.000Z,62e817806d66803aee3da68f,2022-07-01T03:00:00.000Z,,,215487,"[""SP1"",""SP2""]",780000,Ativo,GN,"[""Mensal"",""Semanal"",""Diaria"",""Intradiaria""]",2022-09-30T16:49:33.514Z,2022-10-18T18:00:30.163Z,2022-10-23T00:00:00.000Z,,633dedba39d08cd16c7bfb41,Aguardando Lançamento,Semanal,2022-10-20T13:51:34.385Z
0,634eec78360a1187858b8216,[],"[{""SP1"":3875000},{""SP2"":3875000},{""MG1"":3875000},{""MG2"":3875000}]",,,,2024-07-10T03:00:00.000Z,62e962780bd0fc1f5963c9d5,2022-07-15T03:00:00.000Z,,,111221,"[""SP1"",""SP2"",""MG1"",""MG2""]",500000,Ativo,GN,"[""Trimestral"",""Mensal"",""Semanal"",""Diaria"",""Intradiaria""]",,2022-10-18T18:12:08.681Z,2022-11-01T00:00:00.000Z,2022-10-01T00:00:00.000Z,62d1c0035eb685ae2f54b9ab,Aprovado Automaticamente,Trimestral,2022-10-18T18:12:08.681Z
0,634eec78360a1187858b8215,[],"[{""SP1"":3875000},{""SP2"":3875000},{""MG1"":3875000},{""MG2"":3875000}]",,,,2024-07-10T03:00:00.000Z,62e962780bd0fc1f5963c9d5,2022-07-15T03:00:00.000Z,,,111221,"[""SP1"",""SP2"",""MG1"",""MG2""]",500000,Ativo,GN,"[""Trimestral"",""Mensal"",""Semanal"",""Diaria"",""Intradiaria""]",,2022-10-18T18:12:08.680Z,2022-10-01T00:00:00.000Z,2022-10-01T00:00:00.000Z,62d1c0035eb685ae2f54b9ab,Aprovado Automaticamente,Trimestral,2022-10-18T18:12:08.680Z
0,634eec78360a1187858b8217,[],"[{""SP1"":3875000},{""SP2"":3875000},{""MG1"":3875000},{""MG2"":3875000}]",,,,2024-07-10T03:00:00.000Z,62e962780bd0fc1f5963c9d5,2022-07-15T03:00:00.000Z,,,111221,"[""SP1"",""SP2"",""MG1"",""MG2""]",500000,Ativo,GN,"[""Trimestral"",""Mensal"",""Semanal"",""Diaria"",""Intradiaria""]",,2022-10-18T18:12:08.681Z,2022-12-01T00:00:00.000Z,2022-10-01T00:00:00.000Z,62d1c0035eb685ae2f54b9ab,Aprovado Automaticamente,Trimestral,2022-10-18T18:12:08.681Z
0,634f0724d66fd72b84db15dd,[],"[{""SP1"":123}]",,2022-08-01T18:12:16.339Z,,2024-07-01T03:00:00.000Z,62e817806d66803aee3da68f,2022-07-01T03:00:00.000Z,,,215487,"[""SP1""]",780000,Ativo,GN,"[""Trimestral"",""Mensal"",""Semanal"",""Diaria"",""Intradiaria""]",2022-10-18T18:03:21.863Z,2022-10-18T20:05:56.136Z,2022-10-18T00:00:00.000Z,,633dedba39d08cd16c7bfb41,Aguardando Lançamento,Intradiaria,2022-10-18T20:06:20.209Z
0,634fe28aa31ee474fd7daf53,[],"[{""BA1"":3850000},{""BA2"":3750000},{""BA3"":3750000},{""BA4"":3750000}]",,,,2025-01-01T03:00:00.000Z,634db838681bd301309fa477,2022-01-01T03:00:00.000Z,,,363636,"[""BA1"",""BA2"",""BA3"",""BA4""]",500000,Ativo,GN,"[""Trimestral"",""Mensal""]",,2022-10-19T11:42:02.176Z,2022-11-01T00:00:00.000Z,2022-11-01T00:00:00.000Z,62d1c0035eb685ae2f54b9ab,Aguardando Lançamento,Trimestral,2022-10-19T11:42:02.176Z
0,634fe28aa31ee474fd7daf55,[],"[{""BA1"":3975000},{""BA2"":3875000},{""BA3"":3875000},{""BA4"":3875000}]",,,,2025-01-01T03:00:00.000Z,634db838681bd301309fa477,2022-01-01T03:00:00.000Z,,,363636,"[""BA1"",""BA2"",""BA3"",""BA4""]",500000,Ativo,GN,"[""Trimestral"",""Mensal""]",,2022-10-19T11:42:02.176Z,2023-01-01T00:00:00.000Z,2022-11-01T00:00:00.000Z,62d1c0035eb685ae2f54b9ab,Aguardando Lançamento,Trimestral,2022-10-19T11:42:02.176Z
0,634fe28aa31ee474fd7daf54,[],"[{""BA1"":3850000},{""BA2"":3750000},{""BA3"":3750000},{""BA4"":3750000}]",,,,2025-01-01T03:00:00.000Z,634db838681bd301309fa477,2022-01-01T03:00:00.000Z,,,363636,"[""BA1"",""BA2"",""BA3"",""BA4""]",500000,Ativo,GN,"[""Trimestral"",""Mensal""]",,2022-10-19T11:42:02.176Z,2022-12-01T00:00:00.000Z,2022-11-01T00:00:00.000Z,62d1c0035eb685ae2f54b9ab,Aguardando Lançamento,Trimestral,2022-10-19T11:42:02.176Z
0,635046434381c62023d25f80,[],"[{""SP1"":1233}]",,2022-08-01T18:12:16.339Z,,2024-07-01T03:00:00.000Z,62e817806d66803aee3da68f,2022-07-01T03:00:00.000Z,,,215487,"[""SP1""]",780000,Ativo,GN,"[""Trimestral"",""Mensal"",""Semanal"",""Diaria"",""Intradiaria""]",2022-10-18T18:03:21.863Z,2022-10-19T18:47:31.197Z,2022-10-20T00:00:00.000Z,,633dedba39d08cd16c7bfb41,Aguardando Lançamento,Diaria,2022-10-19T18:49:41.941Z
0,63506546a2a85c2b473c919c,[],"[{""SP1"":21840003}]",,2022-08-01T18:12:16.339Z,,2024-07-01T03:00:00.000Z,62e817806d66803aee3da68f,2022-07-01T03:00:00.000Z,,,215487,"[""SP1""]",780000,Ativo,GN,"[""Trimestral"",""Mensal"",""Semanal"",""Diaria"",""Intradiaria""]",2022-10-18T18:03:21.863Z,2022-10-19T20:59:50.338Z,2022-11-01T00:00:00.000Z,,633dedba39d08cd16c7bfb41,Aguardando Lançamento,Mensal,2022-10-20T13:51:28.688Z
0,63506b5a4e48bf42eb74d023,[],"[{""BA1"":3850000},{""BA2"":3750000},{""BA3"":3750000},{""BA4"":3750000}]",,,,2025-01-01T03:00:00.000Z,634db838681bd301309fa477,2022-01-01T03:00:00.000Z,,,363636,"[""BA1"",""BA2"",""BA3"",""BA4""]",500000,Ativo,GN,"[""Trimestral"",""Mensal""]",,2022-10-19T21:25:46.351Z,2022-11-01T00:00:00.000Z,2022-11-01T00:00:00.000Z,62d1c0035eb685ae2f54b9ab,Aguardando Lançamento,Trimestral,2022-10-19T21:25:46.351Z
0,63506b5a4e48bf42eb74d024,[],"[{""BA1"":3850000},{""BA2"":3750000},{""BA3"":3750000},{""BA4"":3750000}]",,,,2025-01-01T03:00:00.000Z,634db838681bd301309fa477,2022-01-01T03:00:00.000Z,,,363636,"[""BA1"",""BA2"",""BA3"",""BA4""]",500000,Ativo,GN,"[""Trimestral"",""Mensal""]",,2022-10-19T21:25:46.351Z,2022-12-01T00:00:00.000Z,2022-11-01T00:00:00.000Z,62d1c0035eb685ae2f54b9ab,Aguardando Lançamento,Trimestral,2022-10-19T21:25:46.351Z
0,63506b5a4e48bf42eb74d025,[],"[{""BA1"":3975000},{""BA2"":3875000},{""BA3"":3875000},{""BA4"":3875000}]",,,,2025-01-01T03:00:00.000Z,634db838681bd301309fa477,2022-01-01T03:00:00.000Z,,,363636,"[""BA1"",""BA2"",""BA3"",""BA4""]",500000,Ativo,GN,"[""Trimestral"",""Mensal""]",,2022-10-19T21:25:46.352Z,2023-01-01T00:00:00.000Z,2022-11-01T00:00:00.000Z,62d1c0035eb685ae2f54b9ab,Aguardando Lançamento,Trimestral,2022-10-19T21:25:46.352Z
0,635141308df8e354c02753fd,[],"[{""SP1"":3}]",,2022-08-01T18:12:16.339Z,,2024-07-01T03:00:00.000Z,62e817806d66803aee3da68f,2022-07-01T03:00:00.000Z,,,215487,"[""SP1""]",780000,Ativo,GN,"[""Trimestral"",""Mensal"",""Semanal"",""Diaria"",""Intradiaria""]",2022-10-18T18:03:21.863Z,2022-10-20T12:38:08.074Z,2022-10-21T00:00:00.000Z,,633dedba39d08cd16c7bfb41,Aguardando Lançamento,Diaria,2022-10-20T13:51:39.209Z
0,635151c679c95f95f27030c4,[],"[{""SP1"":3}]",,2022-08-01T18:12:16.339Z,,2024-07-01T03:00:00.000Z,62e817806d66803aee3da68f,2022-07-01T03:00:00.000Z,,,215487,"[""SP1""]",780000,Ativo,GN,"[""Trimestral"",""Mensal"",""Semanal"",""Diaria"",""Intradiaria""]",2022-10-18T18:03:21.863Z,2022-10-20T13:48:54.956Z,2022-10-20T00:00:00.000Z,,633dedba39d08cd16c7bfb41,Aguardando Lançamento,Intradiaria,2022-10-20T13:51:43.352Z
0,635171bcd2af9eb03602aa22,[],"[{""SP1"":40}]",,2022-08-01T18:12:16.339Z,,2024-07-01T03:00:00.000Z,62e817806d66803aee3da68f,2022-07-01T03:00:00.000Z,,,215487,"[""SP1""]",780000,Ativo,GN,"[""Trimestral"",""Mensal"",""Semanal"",""Diaria"",""Intradiaria""]",2022-10-18T18:03:21.863Z,2022-10-20T16:05:16.128Z,2022-11-01T00:00:00.000Z,2022-11-01T00:00:00.000Z,633dedba39d08cd16c7bfb41,Aguardando Lançamento,Trimestral,2022-10-20T16:05:16.128Z
0,635171bcd2af9eb03602aa23,[],"[{""SP1"":93}]",,2022-08-01T18:12:16.339Z,,2024-07-01T03:00:00.000Z,62e817806d66803aee3da68f,2022-07-01T03:00:00.000Z,,,215487,"[""SP1""]",780000,Ativo,GN,"[""Trimestral"",""Mensal"",""Semanal"",""Diaria"",""Intradiaria""]",2022-10-18T18:03:21.863Z,2022-10-20T16:05:16.128Z,2022-12-01T00:00:00.000Z,2022-11-01T00:00:00.000Z,633dedba39d08cd16c7bfb41,Aguardando Lançamento,Trimestral,2022-10-20T16:05:16.128Z
0,635171bcd2af9eb03602aa24,[],"[{""SP1"":164}]",,2022-08-01T18:12:16.339Z,,2024-07-01T03:00:00.000Z,62e817806d66803aee3da68f,2022-07-01T03:00:00.000Z,,,215487,"[""SP1""]",780000,Ativo,GN,"[""Trimestral"",""Mensal"",""Semanal"",""Diaria"",""Intradiaria""]",2022-10-18T18:03:21.863Z,2022-10-20T16:05:16.128Z,2023-01-01T00:00:00.000Z,2022-11-01T00:00:00.000Z,633dedba39d08cd16c7bfb41,Aguardando Lançamento,Trimestral,2022-10-20T16:05:16.128Z
0,63518c0f5d98258b22badd81,[],"[{""BA1"":3850000},{""BA2"":3750000},{""BA3"":3750000},{""BA4"":3750000}]",,,,2025-01-01T03:00:00.000Z,634db838681bd301309fa477,2022-01-01T03:00:00.000Z,,,363636,"[""BA1"",""BA2"",""BA3"",""BA4""]",500000,Ativo,GN,"[""Trimestral"",""Mensal""]",,2022-10-20T17:57:35.555Z,2022-11-01T00:00:00.000Z,2022-11-01T00:00:00.000Z,62d1c0035eb685ae2f54b9ab,Aguardando Lançamento,Trimestral,2022-10-20T17:57:35.555Z
0,63518c0f5d98258b22badd82,[],"[{""BA1"":3850000},{""BA2"":3750000},{""BA3"":3750000},{""BA4"":3750000}]",,,,2025-01-01T03:00:00.000Z,634db838681bd301309fa477,2022-01-01T03:00:00.000Z,,,363636,"[""BA1"",""BA2"",""BA3"",""BA4""]",500000,Ativo,GN,"[""Trimestral"",""Mensal""]",,2022-10-20T17:57:35.556Z,2022-12-01T00:00:00.000Z,2022-11-01T00:00:00.000Z,62d1c0035eb685ae2f54b9ab,Aguardando Lançamento,Trimestral,2022-10-20T17:57:35.556Z
0,63518c0f5d98258b22badd83,[],"[{""BA1"":3975000},{""BA2"":3875000},{""BA3"":3875000},{""BA4"":3875000}]",,,,2025-01-01T03:00:00.000Z,634db838681bd301309fa477,2022-01-01T03:00:00.000Z,,,363636,"[""BA1"",""BA2"",""BA3"",""BA4""]",500000,Ativo,GN,"[""Trimestral"",""Mensal""]",,2022-10-20T17:57:35.556Z,2023-01-01T00:00:00.000Z,2022-11-01T00:00:00.000Z,62d1c0035eb685ae2f54b9ab,Aguardando Lançamento,Trimestral,2022-10-20T17:57:35.556Z
0,6351a676aca4a2471bb662db,"[{""BA1"":30},{""BA2"":30},{""BA3"":30},{""BA4"":30}]","[{""BA1"":30},{""BA2"":30},{""BA3"":30},{""BA4"":30}]",,2022-09-09T17:59:42.442Z,,2023-02-10T03:00:00.000Z,631b7f0e720c7ef2c8b2e2b0,2022-02-10T03:00:00.000Z,,,654654,"[""BA1"",""BA2"",""BA3"",""BA4""]",651561.54,Ativo,GN,"[""Semanal"",""Mensal"",""Trimestral""]",2022-09-09T17:59:42.442Z,2022-10-20T19:50:14.964Z,2022-11-01T00:00:00.000Z,2022-10-01T00:00:00.000Z,632cafd61e679e4f4792b171,Aprovado Manualmente,Trimestral,2022-10-20T19:51:06.322Z
0,6351a676aca4a2471bb662dd,"[{""BA1"":93},{""BA2"":93},{""BA3"":93},{""BA4"":93}]","[{""BA1"":93},{""BA2"":93},{""BA3"":93},{""BA4"":93}]",,2022-09-09T17:59:42.442Z,,2023-02-10T03:00:00.000Z,631b7f0e720c7ef2c8b2e2b0,2022-02-10T03:00:00.000Z,,,654654,"[""BA1"",""BA2"",""BA3"",""BA4""]",651561.54,Ativo,GN,"[""Semanal"",""Mensal"",""Trimestral""]",2022-09-09T17:59:42.442Z,2022-10-20T19:50:14.964Z,2022-10-01T00:00:00.000Z,2022-10-01T00:00:00.000Z,632cafd61e679e4f4792b171,Aprovado Manualmente,Trimestral,2022-10-20T19:51:21.505Z
0,6351a676aca4a2471bb662dc,"[{""BA1"":62},{""BA2"":62},{""BA3"":62},{""BA4"":62}]","[{""BA1"":62},{""BA2"":62},{""BA3"":62},{""BA4"":62}]",,2022-09-09T17:59:42.442Z,,2023-02-10T03:00:00.000Z,631b7f0e720c7ef2c8b2e2b0,2022-02-10T03:00:00.000Z,,,654654,"[""BA1"",""BA2"",""BA3"",""BA4""]",651561.54,Ativo,GN,"[""Semanal"",""Mensal"",""Trimestral""]",2022-09-09T17:59:42.442Z,2022-10-20T19:50:14.964Z,2022-12-01T00:00:00.000Z,2022-10-01T00:00:00.000Z,632cafd61e679e4f4792b171,Aprovado Manualmente,Trimestral,2022-10-20T19:51:28.743Z
0,6352e8c773c3a28e1b57d853,[],"[{""RN1"":60},{""RN2"":60}]",,2022-08-30T15:17:13.006Z,,2023-12-31T03:00:00.000Z,630e29f8554a3859ad22b4df,2022-01-01T03:00:00.000Z,,,664455,"[""RN1"",""RN2""]",1000000,Ativo,GN,"[""Trimestral"",""Mensal"",""Diaria"",""Intradiaria""]",2022-10-21T15:00:01.441Z,2022-10-21T18:45:27.194Z,2022-11-01T00:00:00.000Z,2022-11-01T00:00:00.000Z,632cafd61e679e4f4792b171,Aguardando Lançamento,Trimestral,2022-10-21T18:45:27.194Z
0,6352e8c773c3a28e1b57d854,[],"[{""RN1"":62},{""RN2"":62}]",,2022-08-30T15:17:13.006Z,,2023-12-31T03:00:00.000Z,630e29f8554a3859ad22b4df,2022-01-01T03:00:00.000Z,,,664455,"[""RN1"",""RN2""]",1000000,Ativo,GN,"[""Trimestral"",""Mensal"",""Diaria"",""Intradiaria""]",2022-10-21T15:00:01.441Z,2022-10-21T18:45:27.195Z,2022-12-01T00:00:00.000Z,2022-11-01T00:00:00.000Z,632cafd61e679e4f4792b171,Aguardando Lançamento,Trimestral,2022-10-21T18:45:27.195Z
0,6352e8c773c3a28e1b57d855,[],"[{""RN1"":62},{""RN2"":62}]",,2022-08-30T15:17:13.006Z,,2023-12-31T03:00:00.000Z,630e29f8554a3859ad22b4df,2022-01-01T03:00:00.000Z,,,664455,"[""RN1"",""RN2""]",1000000,Ativo,GN,"[""Trimestral"",""Mensal"",""Diaria"",""Intradiaria""]",2022-10-21T15:00:01.441Z,2022-10-21T18:45:27.196Z,2023-01-01T00:00:00.000Z,2022-11-01T00:00:00.000Z,632cafd61e679e4f4792b171,Aguardando Lançamento,Trimestral,2022-10-21T18:45:27.196Z
0,635945cd87eb43b0e8769b8e,[],"[{""BA1"":3850000},{""BA2"":3750000},{""BA3"":3750000},{""BA4"":3750000}]",,,,2025-01-01T03:00:00.000Z,634db838681bd301309fa477,2022-01-01T03:00:00.000Z,,,363636,"[""BA1"",""BA2"",""BA3"",""BA4""]",500000,Ativo,GN,"[""Trimestral"",""Mensal""]",,2022-10-26T14:35:57.247Z,2022-11-01T00:00:00.000Z,2022-11-01T00:00:00.000Z,62d1c0035eb685ae2f54b9ab,Aguardando Lançamento,Trimestral,2022-10-26T14:35:57.247Z
0,635945cd87eb43b0e8769b8f,[],"[{""BA1"":3850000},{""BA2"":3750000},{""BA3"":3750000},{""BA4"":3750000}]",,,,2025-01-01T03:00:00.000Z,634db838681bd301309fa477,2022-01-01T03:00:00.000Z,,,363636,"[""BA1"",""BA2"",""BA3"",""BA4""]",500000,Ativo,GN,"[""Trimestral"",""Mensal""]",,2022-10-26T14:35:57.248Z,2022-11-01T00:00:00.000Z,2022-11-01T00:00:00.000Z,62d1c0035eb685ae2f54b9ab,Aguardando Lançamento,Trimestral,2022-10-26T14:35:57.248Z
0,635945cd87eb43b0e8769b90,[],"[{""BA1"":3850000},{""BA2"":3750000},{""BA3"":3750000},{""BA4"":3750000}]",,,,2025-01-01T03:00:00.000Z,634db838681bd301309fa477,2022-01-01T03:00:00.000Z,,,363636,"[""BA1"",""BA2"",""BA3"",""BA4""]",500000,Ativo,GN,"[""Trimestral"",""Mensal""]",,2022-10-26T14:35:57.248Z,2022-11-01T00:00:00.000Z,2022-11-01T00:00:00.000Z,62d1c0035eb685ae2f54b9ab,Aguardando Lançamento,Trimestral,2022-10-26T14:35:57.248Z
0,635945cd87eb43b0e8769b91,[],"[{""BA1"":3850000},{""BA2"":3750000},{""BA3"":3750000},{""BA4"":3750000}]",,,,2025-01-01T03:00:00.000Z,634db838681bd301309fa477,2022-01-01T03:00:00.000Z,,,363636,"[""BA1"",""BA2"",""BA3"",""BA4""]",500000,Ativo,GN,"[""Trimestral"",""Mensal""]",,2022-10-26T14:35:57.248Z,2022-11-01T00:00:00.000Z,2022-11-01T00:00:00.000Z,62d1c0035eb685ae2f54b9ab,Aguardando Lançamento,Trimestral,2022-10-26T14:35:57.248Z
0,635945cd87eb43b0e8769b92,[],"[{""BA1"":3850000},{""BA2"":3750000},{""BA3"":3750000},{""BA4"":3750000}]",,,,2025-01-01T03:00:00.000Z,634db838681bd301309fa477,2022-01-01T03:00:00.000Z,,,363636,"[""BA1"",""BA2"",""BA3"",""BA4""]",500000,Ativo,GN,"[""Trimestral"",""Mensal""]",,2022-10-26T14:35:57.248Z,2022-11-01T00:00:00.000Z,2022-11-01T00:00:00.000Z,62d1c0035eb685ae2f54b9ab,Aguardando Lançamento,Trimestral,2022-10-26T14:35:57.248Z
0,635945cd87eb43b0e8769b93,[],"[{""BA1"":3850000},{""BA2"":3750000},{""BA3"":3750000},{""BA4"":3750000}]",,,,2025-01-01T03:00:00.000Z,634db838681bd301309fa477,2022-01-01T03:00:00.000Z,,,363636,"[""BA1"",""BA2"",""BA3"",""BA4""]",500000,Ativo,GN,"[""Trimestral"",""Mensal""]",,2022-10-26T14:35:57.249Z,2022-11-01T00:00:00.000Z,2022-11-01T00:00:00.000Z,62d1c0035eb685ae2f54b9ab,Aguardando Lançamento,Trimestral,2022-10-26T14:35:57.249Z
0,635945cd87eb43b0e8769b94,[],"[{""BA1"":3850000},{""BA2"":3750000},{""BA3"":3750000},{""BA4"":3750000}]",,,,2025-01-01T03:00:00.000Z,634db838681bd301309fa477,2022-01-01T03:00:00.000Z,,,363636,"[""BA1"",""BA2"",""BA3"",""BA4""]",500000,Ativo,GN,"[""Trimestral"",""Mensal""]",,2022-10-26T14:35:57.249Z,2022-11-01T00:00:00.000Z,2022-11-01T00:00:00.000Z,62d1c0035eb685ae2f54b9ab,Aguardando Lançamento,Trimestral,2022-10-26T14:35:57.249Z
0,635945cd87eb43b0e8769b95,[],"[{""BA1"":3850000},{""BA2"":3750000},{""BA3"":3750000},{""BA4"":3750000}]",,,,2025-01-01T03:00:00.000Z,634db838681bd301309fa477,2022-01-01T03:00:00.000Z,,,363636,"[""BA1"",""BA2"",""BA3"",""BA4""]",500000,Ativo,GN,"[""Trimestral"",""Mensal""]",,2022-10-26T14:35:57.249Z,2022-11-01T00:00:00.000Z,2022-11-01T00:00:00.000Z,62d1c0035eb685ae2f54b9ab,Aguardando Lançamento,Trimestral,2022-10-26T14:35:57.249Z
0,635945cd87eb43b0e8769b96,[],"[{""BA1"":3850000},{""BA2"":3750000},{""BA3"":3750000},{""BA4"":3750000}]",,,,2025-01-01T03:00:00.000Z,634db838681bd301309fa477,2022-01-01T03:00:00.000Z,,,363636,"[""BA1"",""BA2"",""BA3"",""BA4""]",500000,Ativo,GN,"[""Trimestral"",""Mensal""]",,2022-10-26T14:35:57.249Z,2022-11-01T00:00:00.000Z,2022-11-01T00:00:00.000Z,62d1c0035eb685ae2f54b9ab,Aguardando Lançamento,Trimestral,2022-10-26T14:35:57.249Z
0,635945cd87eb43b0e8769b97,[],"[{""BA1"":3850000},{""BA2"":3750000},{""BA3"":3750000},{""BA4"":3750000}]",,,,2025-01-01T03:00:00.000Z,634db838681bd301309fa477,2022-01-01T03:00:00.000Z,,,363636,"[""BA1"",""BA2"",""BA3"",""BA4""]",500000,Ativo,GN,"[""Trimestral"",""Mensal""]",,2022-10-26T14:35:57.250Z,2022-11-01T00:00:00.000Z,2022-11-01T00:00:00.000Z,62d1c0035eb685ae2f54b9ab,Aguardando Lançamento,Trimestral,2022-10-26T14:35:57.250Z
0,635945cd87eb43b0e8769b98,[],"[{""BA1"":3850000},{""BA2"":3750000},{""BA3"":3750000},{""BA4"":3750000}]",,,,2025-01-01T03:00:00.000Z,634db838681bd301309fa477,2022-01-01T03:00:00.000Z,,,363636,"[""BA1"",""BA2"",""BA3"",""BA4""]",500000,Ativo,GN,"[""Trimestral"",""Mensal""]",,2022-10-26T14:35:57.250Z,2022-11-01T00:00:00.000Z,2022-11-01T00:00:00.000Z,62d1c0035eb685ae2f54b9ab,Aguardando Lançamento,Trimestral,2022-10-26T14:35:57.250Z
0,635945cd87eb43b0e8769b99,[],"[{""BA1"":3850000},{""BA2"":3750000},{""BA3"":3750000},{""BA4"":3750000}]",,,,2025-01-01T03:00:00.000Z,634db838681bd301309fa477,2022-01-01T03:00:00.000Z,,,363636,"[""BA1"",""BA2"",""BA3"",""BA4""]",500000,Ativo,GN,"[""Trimestral"",""Mensal""]",,2022-10-26T14:35:57.250Z,2022-11-01T00:00:00.000Z,2022-11-01T00:00:00.000Z,62d1c0035eb685ae2f54b9ab,Aguardando Lançamento,Trimestral,2022-10-26T14:35:57.250Z
0,635ada3fe4e5b47c74194ef4,"[{""BA1"":31000},{""BA2"":31000},{""BA3"":31000}]","[{""BA1"":31000},{""BA2"":31000},{""BA3"":31000}]",,2022-09-06T13:44:27.831Z,,2023-10-10T03:00:00.000Z,63174ebb720c7ef2c8b2e1fc,2022-10-10T03:00:00.000Z,,,1000000,"[""BA1"",""BA2"",""BA3""]",1000000,Ativo,GN,"[""Anual"",""Trimestral"",""Semanal""]",2022-10-27T19:19:18.990Z,2022-10-27T19:21:36.014Z,2023-01-01T00:00:00.000Z,2023-01-01T00:00:00.000Z,632cafd61e679e4f4792b171,Aprovado Manualmente,Anual,2022-10-27T19:23:03.410Z
0,635ada40e4e5b47c74194ef5,"[{""BA1"":28000},{""BA2"":28000},{""BA3"":28000}]","[{""BA1"":28000},{""BA2"":28000},{""BA3"":28000}]",,2022-09-06T13:44:27.831Z,,2023-10-10T03:00:00.000Z,63174ebb720c7ef2c8b2e1fc,2022-10-10T03:00:00.000Z,,,1000000,"[""BA1"",""BA2"",""BA3""]",1000000,Ativo,GN,"[""Anual"",""Trimestral"",""Semanal""]",2022-10-27T19:19:18.990Z,2022-10-27T19:21:36.015Z,2023-02-01T00:00:00.000Z,2023-01-01T00:00:00.000Z,632cafd61e679e4f4792b171,Aprovado Manualmente,Anual,2022-10-28T13:30:15.640Z
0,635ada40e4e5b47c74194ef6,"[{""BA1"":34100},{""BA2"":34100},{""BA3"":34100}]","[{""BA1"":31000},{""BA2"":31000},{""BA3"":31000}]",,2022-09-06T13:44:27.831Z,,2023-10-10T03:00:00.000Z,63174ebb720c7ef2c8b2e1fc,2022-10-10T03:00:00.000Z,,,1000000,"[""BA1"",""BA2"",""BA3""]",1000000,Ativo,GN,"[""Anual"",""Trimestral"",""Semanal""]",2022-10-27T19:19:18.990Z,2022-10-27T19:21:36.015Z,2023-03-01T00:00:00.000Z,2023-01-01T00:00:00.000Z,632cafd61e679e4f4792b171,Aprovado Manualmente,Anual,2022-10-28T13:32:44.071Z
0,635ada40e4e5b47c74194ef7,[],"[{""BA1"":30000},{""BA2"":30000},{""BA3"":30000}]",,2022-09-06T13:44:27.831Z,,2023-10-10T03:00:00.000Z,63174ebb720c7ef2c8b2e1fc,2022-10-10T03:00:00.000Z,,,1000000,"[""BA1"",""BA2"",""BA3""]",1000000,Ativo,GN,"[""Anual"",""Trimestral"",""Semanal""]",2022-10-27T19:19:18.990Z,2022-10-27T19:21:36.015Z,2023-04-01T00:00:00.000Z,2023-01-01T00:00:00.000Z,632cafd61e679e4f4792b171,Aguardando Aprovação,Anual,2022-10-27T19:21:36.015Z
0,635ada40e4e5b47c74194ef8,[],"[{""BA1"":31000},{""BA2"":31000},{""BA3"":31000}]",,2022-09-06T13:44:27.831Z,,2023-10-10T03:00:00.000Z,63174ebb720c7ef2c8b2e1fc,2022-10-10T03:00:00.000Z,,,1000000,"[""BA1"",""BA2"",""BA3""]",1000000,Ativo,GN,"[""Anual"",""Trimestral"",""Semanal""]",2022-10-27T19:19:18.990Z,2022-10-27T19:21:36.015Z,2023-05-01T00:00:00.000Z,2023-01-01T00:00:00.000Z,632cafd61e679e4f4792b171,Aguardando Lançamento,Anual,2022-10-27T19:21:36.015Z
0,635ada40e4e5b47c74194ef9,[],"[{""BA1"":30000},{""BA2"":30000},{""BA3"":30000}]",,2022-09-06T13:44:27.831Z,,2023-10-10T03:00:00.000Z,63174ebb720c7ef2c8b2e1fc,2022-10-10T03:00:00.000Z,,,1000000,"[""BA1"",""BA2"",""BA3""]",1000000,Ativo,GN,"[""Anual"",""Trimestral"",""Semanal""]",2022-10-27T19:19:18.990Z,2022-10-27T19:21:36.015Z,2023-06-01T00:00:00.000Z,2023-01-01T00:00:00.000Z,632cafd61e679e4f4792b171,Aguardando Lançamento,Anual,2022-10-27T19:21:36.015Z
0,635ada40e4e5b47c74194efa,[],"[{""BA1"":31000},{""BA2"":31000},{""BA3"":31000}]",,2022-09-06T13:44:27.831Z,,2023-10-10T03:00:00.000Z,63174ebb720c7ef2c8b2e1fc,2022-10-10T03:00:00.000Z,,,1000000,"[""BA1"",""BA2"",""BA3""]",1000000,Ativo,GN,"[""Anual"",""Trimestral"",""Semanal""]",2022-10-27T19:19:18.990Z,2022-10-27T19:21:36.015Z,2023-07-01T00:00:00.000Z,2023-01-01T00:00:00.000Z,632cafd61e679e4f4792b171,Aguardando Lançamento,Anual,2022-10-27T19:21:36.015Z
0,635ada40e4e5b47c74194efb,[],"[{""BA1"":31000},{""BA2"":31000},{""BA3"":31000}]",,2022-09-06T13:44:27.831Z,,2023-10-10T03:00:00.000Z,63174ebb720c7ef2c8b2e1fc,2022-10-10T03:00:00.000Z,,,1000000,"[""BA1"",""BA2"",""BA3""]",1000000,Ativo,GN,"[""Anual"",""Trimestral"",""Semanal""]",2022-10-27T19:19:18.990Z,2022-10-27T19:21:36.016Z,2023-08-01T00:00:00.000Z,2023-01-01T00:00:00.000Z,632cafd61e679e4f4792b171,Aguardando Lançamento,Anual,2022-10-27T19:21:36.016Z
0,635ada40e4e5b47c74194efc,[],"[{""BA1"":30000},{""BA2"":30000},{""BA3"":30000}]",,2022-09-06T13:44:27.831Z,,2023-10-10T03:00:00.000Z,63174ebb720c7ef2c8b2e1fc,2022-10-10T03:00:00.000Z,,,1000000,"[""BA1"",""BA2"",""BA3""]",1000000,Ativo,GN,"[""Anual"",""Trimestral"",""Semanal""]",2022-10-27T19:19:18.990Z,2022-10-27T19:21:36.016Z,2022-09-01T00:00:00.000Z,2023-01-01T00:00:00.000Z,632cafd61e679e4f4792b171,Aguardando Lançamento,Anual,2022-10-27T19:21:36.016Z
0,635ada40e4e5b47c74194efd,[],"[{""BA1"":31000},{""BA2"":31000},{""BA3"":31000}]",,2022-09-06T13:44:27.831Z,,2023-10-10T03:00:00.000Z,63174ebb720c7ef2c8b2e1fc,2022-10-10T03:00:00.000Z,,,1000000,"[""BA1"",""BA2"",""BA3""]",1000000,Ativo,GN,"[""Anual"",""Trimestral"",""Semanal""]",2022-10-27T19:19:18.990Z,2022-10-27T19:21:36.016Z,2022-10-01T00:00:00.000Z,2023-01-01T00:00:00.000Z,632cafd61e679e4f4792b171,Aguardando Lançamento,Anual,2022-10-27T19:21:36.016Z
0,635ada40e4e5b47c74194efe,[],"[{""BA1"":30000},{""BA2"":30000},{""BA3"":30000}]",,2022-09-06T13:44:27.831Z,,2023-10-10T03:00:00.000Z,63174ebb720c7ef2c8b2e1fc,2022-10-10T03:00:00.000Z,,,1000000,"[""BA1"",""BA2"",""BA3""]",1000000,Ativo,GN,"[""Anual"",""Trimestral"",""Semanal""]",2022-10-27T19:19:18.990Z,2022-10-27T19:21:36.016Z,2022-11-01T00:00:00.000Z,2023-01-01T00:00:00.000Z,632cafd61e679e4f4792b171,Aguardando Lançamento,Anual,2022-10-27T19:21:36.016Z
0,635ada40e4e5b47c74194eff,[],"[{""BA1"":31000},{""BA2"":31000},{""BA3"":31000}]",,2022-09-06T13:44:27.831Z,,2023-10-10T03:00:00.000Z,63174ebb720c7ef2c8b2e1fc,2022-10-10T03:00:00.000Z,,,1000000,"[""BA1"",""BA2"",""BA3""]",1000000,Ativo,GN,"[""Anual"",""Trimestral"",""Semanal""]",2022-10-27T19:19:18.990Z,2022-10-27T19:21:36.016Z,2023-12-01T00:00:00.000Z,2023-01-01T00:00:00.000Z,632cafd61e679e4f4792b171,Aguardando Lançamento,Anual,2022-10-27T19:21:36.016Z
0,635c1cf6eccb96d6bcc28342,[],"[{""BA1"":1},{""BA2"":1},{""BA3"":1},{""BA4"":1}]",,,,2025-01-01T03:00:00.000Z,634db838681bd301309fa477,2022-01-01T03:00:00.000Z,,,363636,"[""BA1"",""BA2"",""BA3"",""BA4""]",500000,Ativo,GN,"[""Trimestral"",""Mensal""]",,2022-10-28T18:18:30.855Z,2022-11-01T00:00:00.000Z,2022-11-01T00:00:00.000Z,62d1c0035eb685ae2f54b9ab,Aguardando Lançamento,Anual,2022-10-31T15:22:05.647Z
0,635c1cf6eccb96d6bcc28343,[],"[{""BA1"":1},{""BA2"":1},{""BA3"":1},{""BA4"":1}]",,,,2025-01-01T03:00:00.000Z,634db838681bd301309fa477,2022-01-01T03:00:00.000Z,,,363636,"[""BA1"",""BA2"",""BA3"",""BA4""]",500000,Ativo,GN,"[""Trimestral"",""Mensal""]",,2022-10-28T18:18:30.856Z,2022-12-01T00:00:00.000Z,2022-11-01T00:00:00.000Z,62d1c0035eb685ae2f54b9ab,Aguardando Lançamento,Anual,2022-10-31T15:22:05.647Z
0,635c1cf6eccb96d6bcc28344,[],"[{""BA1"":3850000},{""BA2"":3750000},{""BA3"":3750000},{""BA4"":3750000}]",,,,2025-01-01T03:00:00.000Z,634db838681bd301309fa477,2022-01-01T03:00:00.000Z,,,363636,"[""BA1"",""BA2"",""BA3"",""BA4""]",500000,Ativo,GN,"[""Trimestral"",""Mensal""]",,2022-10-28T18:18:30.856Z,2023-01-01T00:00:00.000Z,2022-11-01T00:00:00.000Z,62d1c0035eb685ae2f54b9ab,Aguardando Lançamento,Anual,2022-10-28T18:18:30.856Z
0,635c1cf6eccb96d6bcc28345,[],"[{""BA1"":3850000},{""BA2"":3750000},{""BA3"":3750000},{""BA4"":3750000}]",,,,2025-01-01T03:00:00.000Z,634db838681bd301309fa477,2022-01-01T03:00:00.000Z,,,363636,"[""BA1"",""BA2"",""BA3"",""BA4""]",500000,Ativo,GN,"[""Trimestral"",""Mensal""]",,2022-10-28T18:18:30.856Z,2023-02-01T00:00:00.000Z,2022-11-01T00:00:00.000Z,62d1c0035eb685ae2f54b9ab,Aguardando Lançamento,Anual,2022-10-28T18:18:30.856Z
0,635c1cf6eccb96d6bcc28346,[],"[{""BA1"":3850000},{""BA2"":3750000},{""BA3"":3750000},{""BA4"":3750000}]",,,,2025-01-01T03:00:00.000Z,634db838681bd301309fa477,2022-01-01T03:00:00.000Z,,,363636,"[""BA1"",""BA2"",""BA3"",""BA4""]",500000,Ativo,GN,"[""Trimestral"",""Mensal""]",,2022-10-28T18:18:30.856Z,2023-03-01T00:00:00.000Z,2022-11-01T00:00:00.000Z,62d1c0035eb685ae2f54b9ab,Aguardando Lançamento,Anual,2022-10-28T18:18:30.856Z
0,635c1cf6eccb96d6bcc28347,[],"[{""BA1"":3850000},{""BA2"":3750000},{""BA3"":3750000},{""BA4"":3750000}]",,,,2025-01-01T03:00:00.000Z,634db838681bd301309fa477,2022-01-01T03:00:00.000Z,,,363636,"[""BA1"",""BA2"",""BA3"",""BA4""]",500000,Ativo,GN,"[""Trimestral"",""Mensal""]",,2022-10-28T18:18:30.856Z,2023-04-01T00:00:00.000Z,2022-11-01T00:00:00.000Z,62d1c0035eb685ae2f54b9ab,Aguardando Lançamento,Anual,2022-10-28T18:18:30.856Z
0,635c1cf6eccb96d6bcc28348,[],"[{""BA1"":3850000},{""BA2"":3750000},{""BA3"":3750000},{""BA4"":3750000}]",,,,2025-01-01T03:00:00.000Z,634db838681bd301309fa477,2022-01-01T03:00:00.000Z,,,363636,"[""BA1"",""BA2"",""BA3"",""BA4""]",500000,Ativo,GN,"[""Trimestral"",""Mensal""]",,2022-10-28T18:18:30.856Z,2023-05-01T00:00:00.000Z,2022-11-01T00:00:00.000Z,62d1c0035eb685ae2f54b9ab,Aguardando Lançamento,Anual,2022-10-28T18:18:30.856Z
0,635c1cf6eccb96d6bcc28349,[],"[{""BA1"":3850000},{""BA2"":3750000},{""BA3"":3750000},{""BA4"":3750000}]",,,,2025-01-01T03:00:00.000Z,634db838681bd301309fa477,2022-01-01T03:00:00.000Z,,,363636,"[""BA1"",""BA2"",""BA3"",""BA4""]",500000,Ativo,GN,"[""Trimestral"",""Mensal""]",,2022-10-28T18:18:30.857Z,2023-06-01T00:00:00.000Z,2022-11-01T00:00:00.000Z,62d1c0035eb685ae2f54b9ab,Aguardando Lançamento,Anual,2022-10-28T18:18:30.857Z
0,635c1cf6eccb96d6bcc2834a,[],"[{""BA1"":3850000},{""BA2"":3750000},{""BA3"":3750000},{""BA4"":3750000}]",,,,2025-01-01T03:00:00.000Z,634db838681bd301309fa477,2022-01-01T03:00:00.000Z,,,363636,"[""BA1"",""BA2"",""BA3"",""BA4""]",500000,Ativo,GN,"[""Trimestral"",""Mensal""]",,2022-10-28T18:18:30.857Z,2023-07-01T00:00:00.000Z,2022-11-01T00:00:00.000Z,62d1c0035eb685ae2f54b9ab,Aguardando Lançamento,Anual,2022-10-28T18:18:30.857Z
0,635c1cf6eccb96d6bcc2834b,[],"[{""BA1"":3850000},{""BA2"":3750000},{""BA3"":3750000},{""BA4"":3750000}]",,,,2025-01-01T03:00:00.000Z,634db838681bd301309fa477,2022-01-01T03:00:00.000Z,,,363636,"[""BA1"",""BA2"",""BA3"",""BA4""]",500000,Ativo,GN,"[""Trimestral"",""Mensal""]",,2022-10-28T18:18:30.857Z,2023-08-01T00:00:00.000Z,2022-11-01T00:00:00.000Z,62d1c0035eb685ae2f54b9ab,Aguardando Lançamento,Anual,2022-10-28T18:18:30.857Z
0,635c1cf6eccb96d6bcc2834c,[],"[{""BA1"":3850000},{""BA2"":3750000},{""BA3"":3750000},{""BA4"":3750000}]",,,,2025-01-01T03:00:00.000Z,634db838681bd301309fa477,2022-01-01T03:00:00.000Z,,,363636,"[""BA1"",""BA2"",""BA3"",""BA4""]",500000,Ativo,GN,"[""Trimestral"",""Mensal""]",,2022-10-28T18:18:30.857Z,2023-09-01T00:00:00.000Z,2022-11-01T00:00:00.000Z,62d1c0035eb685ae2f54b9ab,Aguardando Lançamento,Anual,2022-10-28T18:18:30.857Z
0,635c1cf6eccb96d6bcc2834d,[],"[{""BA1"":3850000},{""BA2"":3750000},{""BA3"":3750000},{""BA4"":3750000}]",,,,2025-01-01T03:00:00.000Z,634db838681bd301309fa477,2022-01-01T03:00:00.000Z,,,363636,"[""BA1"",""BA2"",""BA3"",""BA4""]",500000,Ativo,GN,"[""Trimestral"",""Mensal""]",,2022-10-28T18:18:30.857Z,2023-10-01T00:00:00.000Z,2022-11-01T00:00:00.000Z,62d1c0035eb685ae2f54b9ab,Aguardando Lançamento,Anual,2022-10-28T18:18:30.857Z
0,63602c65d9d0f2569cfdfc41,[],"[{""SP1"":31},{""SP2"":62},{""SP3"":93},{""SP4"":124}]",,2022-09-27T21:04:08.319Z,,2027-09-27T03:00:00.000Z,633365487cade81f2eac930a,2022-09-27T03:00:00.000Z,,,1664311539078,"[""SP1"",""SP2"",""SP3"",""SP4""]",500,Ativo,GN,"[""Anual"",""Trimestral"",""Mensal"",""Semanal"",""Diaria"",""Intradiaria""]",2022-10-31T12:10:19.048Z,2022-10-31T20:13:25.298Z,2023-01-01T00:00:00.000Z,2023-01-01T00:00:00.000Z,63331d0c7bf66cadf88a0bf2,Aguardando Lançamento,Anual,2022-11-01T18:52:12.318Z
0,63602c65d9d0f2569cfdfc42,[],"[{""SP1"":28},{""SP2"":56},{""SP3"":84},{""SP4"":112}]",,2022-09-27T21:04:08.319Z,,2027-09-27T03:00:00.000Z,633365487cade81f2eac930a,2022-09-27T03:00:00.000Z,,,1664311539078,"[""SP1"",""SP2"",""SP3"",""SP4""]",500,Ativo,GN,"[""Anual"",""Trimestral"",""Mensal"",""Semanal"",""Diaria"",""Intradiaria""]",2022-10-31T12:10:19.048Z,2022-10-31T20:13:25.299Z,2023-02-01T00:00:00.000Z,2023-01-01T00:00:00.000Z,63331d0c7bf66cadf88a0bf2,Aguardando Lançamento,Anual,2022-11-01T18:52:12.319Z
0,63602c65d9d0f2569cfdfc43,[],"[{""SP1"":31},{""SP2"":62},{""SP3"":93},{""SP4"":124}]",,2022-09-27T21:04:08.319Z,,2027-09-27T03:00:00.000Z,633365487cade81f2eac930a,2022-09-27T03:00:00.000Z,,,1664311539078,"[""SP1"",""SP2"",""SP3"",""SP4""]",500,Ativo,GN,"[""Anual"",""Trimestral"",""Mensal"",""Semanal"",""Diaria"",""Intradiaria""]",2022-10-31T12:10:19.048Z,2022-10-31T20:13:25.299Z,2023-03-01T00:00:00.000Z,2023-01-01T00:00:00.000Z,63331d0c7bf66cadf88a0bf2,Aguardando Lançamento,Anual,2022-11-01T18:52:12.319Z
0,63602c65d9d0f2569cfdfc44,[],"[{""SP1"":30},{""SP2"":60},{""SP3"":90},{""SP4"":120}]",,2022-09-27T21:04:08.319Z,,2027-09-27T03:00:00.000Z,633365487cade81f2eac930a,2022-09-27T03:00:00.000Z,,,1664311539078,"[""SP1"",""SP2"",""SP3"",""SP4""]",500,Ativo,GN,"[""Anual"",""Trimestral"",""Mensal"",""Semanal"",""Diaria"",""Intradiaria""]",2022-10-31T12:10:19.048Z,2022-10-31T20:13:25.299Z,2023-04-01T00:00:00.000Z,2023-01-01T00:00:00.000Z,63331d0c7bf66cadf88a0bf2,Aguardando Lançamento,Anual,2022-11-01T18:52:12.320Z
0,63602c65d9d0f2569cfdfc45,[],"[{""SP1"":31},{""SP2"":62},{""SP3"":93},{""SP4"":124}]",,2022-09-27T21:04:08.319Z,,2027-09-27T03:00:00.000Z,633365487cade81f2eac930a,2022-09-27T03:00:00.000Z,,,1664311539078,"[""SP1"",""SP2"",""SP3"",""SP4""]",500,Ativo,GN,"[""Anual"",""Trimestral"",""Mensal"",""Semanal"",""Diaria"",""Intradiaria""]",2022-10-31T12:10:19.048Z,2022-10-31T20:13:25.299Z,2023-05-01T00:00:00.000Z,2023-01-01T00:00:00.000Z,63331d0c7bf66cadf88a0bf2,Aguardando Lançamento,Anual,2022-11-01T18:52:12.320Z
0,63602c65d9d0f2569cfdfc46,[],"[{""SP1"":30},{""SP2"":60},{""SP3"":90},{""SP4"":120}]",,2022-09-27T21:04:08.319Z,,2027-09-27T03:00:00.000Z,633365487cade81f2eac930a,2022-09-27T03:00:00.000Z,,,1664311539078,"[""SP1"",""SP2"",""SP3"",""SP4""]",500,Ativo,GN,"[""Anual"",""Trimestral"",""Mensal"",""Semanal"",""Diaria"",""Intradiaria""]",2022-10-31T12:10:19.048Z,2022-10-31T20:13:25.299Z,2023-06-01T00:00:00.000Z,2023-01-01T00:00:00.000Z,63331d0c7bf66cadf88a0bf2,Aguardando Lançamento,Anual,2022-11-01T18:52:12.320Z
0,63602c65d9d0f2569cfdfc47,[],"[{""SP1"":31},{""SP2"":62},{""SP3"":93},{""SP4"":124}]",,2022-09-27T21:04:08.319Z,,2027-09-27T03:00:00.000Z,633365487cade81f2eac930a,2022-09-27T03:00:00.000Z,,,1664311539078,"[""SP1"",""SP2"",""SP3"",""SP4""]",500,Ativo,GN,"[""Anual"",""Trimestral"",""Mensal"",""Semanal"",""Diaria"",""Intradiaria""]",2022-10-31T12:10:19.048Z,2022-10-31T20:13:25.299Z,2023-07-01T00:00:00.000Z,2023-01-01T00:00:00.000Z,63331d0c7bf66cadf88a0bf2,Aguardando Lançamento,Anual,2022-11-01T18:52:12.320Z
0,63602c65d9d0f2569cfdfc48,[],"[{""SP1"":31},{""SP2"":62},{""SP3"":93},{""SP4"":124}]",,2022-09-27T21:04:08.319Z,,2027-09-27T03:00:00.000Z,633365487cade81f2eac930a,2022-09-27T03:00:00.000Z,,,1664311539078,"[""SP1"",""SP2"",""SP3"",""SP4""]",500,Ativo,GN,"[""Anual"",""Trimestral"",""Mensal"",""Semanal"",""Diaria"",""Intradiaria""]",2022-10-31T12:10:19.048Z,2022-10-31T20:13:25.299Z,2023-08-01T00:00:00.000Z,2023-01-01T00:00:00.000Z,63331d0c7bf66cadf88a0bf2,Aguardando Lançamento,Anual,2022-11-01T18:52:12.320Z
0,63602c65d9d0f2569cfdfc49,[],"[{""SP1"":30},{""SP2"":60},{""SP3"":90},{""SP4"":120}]",,2022-09-27T21:04:08.319Z,,2027-09-27T03:00:00.000Z,633365487cade81f2eac930a,2022-09-27T03:00:00.000Z,,,1664311539078,"[""SP1"",""SP2"",""SP3"",""SP4""]",500,Ativo,GN,"[""Anual"",""Trimestral"",""Mensal"",""Semanal"",""Diaria"",""Intradiaria""]",2022-10-31T12:10:19.048Z,2022-10-31T20:13:25.299Z,2023-09-01T00:00:00.000Z,2023-01-01T00:00:00.000Z,63331d0c7bf66cadf88a0bf2,Aguardando Lançamento,Anual,2022-11-01T18:52:12.320Z
0,63602c65d9d0f2569cfdfc4a,[],"[{""SP1"":31},{""SP2"":62},{""SP3"":93},{""SP4"":124}]",,2022-09-27T21:04:08.319Z,,2027-09-27T03:00:00.000Z,633365487cade81f2eac930a,2022-09-27T03:00:00.000Z,,,1664311539078,"[""SP1"",""SP2"",""SP3"",""SP4""]",500,Ativo,GN,"[""Anual"",""Trimestral"",""Mensal"",""Semanal"",""Diaria"",""Intradiaria""]",2022-10-31T12:10:19.048Z,2022-10-31T20:13:25.299Z,2023-10-01T00:00:00.000Z,2023-01-01T00:00:00.000Z,63331d0c7bf66cadf88a0bf2,Aguardando Lançamento,Anual,2022-11-01T18:52:12.320Z
0,63602c65d9d0f2569cfdfc4b,[],"[{""SP1"":30},{""SP2"":60},{""SP3"":90},{""SP4"":120}]",,2022-09-27T21:04:08.319Z,,2027-09-27T03:00:00.000Z,633365487cade81f2eac930a,2022-09-27T03:00:00.000Z,,,1664311539078,"[""SP1"",""SP2"",""SP3"",""SP4""]",500,Ativo,GN,"[""Anual"",""Trimestral"",""Mensal"",""Semanal"",""Diaria"",""Intradiaria""]",2022-10-31T12:10:19.048Z,2022-10-31T20:13:25.300Z,2023-11-01T00:00:00.000Z,2023-01-01T00:00:00.000Z,63331d0c7bf66cadf88a0bf2,Aguardando Lançamento,Anual,2022-11-01T18:52:12.320Z
0,63602c65d9d0f2569cfdfc4c,[],"[{""SP1"":31},{""SP2"":62},{""SP3"":93},{""SP4"":124}]",,2022-09-27T21:04:08.319Z,,2027-09-27T03:00:00.000Z,633365487cade81f2eac930a,2022-09-27T03:00:00.000Z,,,1664311539078,"[""SP1"",""SP2"",""SP3"",""SP4""]",500,Ativo,GN,"[""Anual"",""Trimestral"",""Mensal"",""Semanal"",""Diaria"",""Intradiaria""]",2022-10-31T12:10:19.048Z,2022-10-31T20:13:25.300Z,2023-12-01T00:00:00.000Z,2023-01-01T00:00:00.000Z,63331d0c7bf66cadf88a0bf2,Aguardando Lançamento,Anual,2022-11-01T18:52:12.322Z
0,63602e11b63a3df12c29b6bd,[],"[{""SP1"":1231.23},{""SP2"":33.33}]",,2022-08-01T18:12:16.339Z,,2024-07-01T03:00:00.000Z,62e817806d66803aee3da68f,2022-07-01T03:00:00.000Z,,,215487,"[""SP1"",""SP2""]",780000,Ativo,GN,"[""Mensal"",""Semanal"",""Diaria"",""Intradiaria""]",2022-09-30T15:41:22.191Z,2022-10-31T20:20:33.269Z,2022-09-30T00:00:00.000Z,,63370e486d17d117a9188655,Aguardando Lançamento,Intradiaria,2022-10-31T20:20:33.269Z
0,63602f0b01cb660fda8673fd,[],"[{""SP1"":1231.23},{""SP2"":33.33}]",,2022-08-01T18:12:16.339Z,,2024-07-01T03:00:00.000Z,62e817806d66803aee3da68f,2022-07-01T03:00:00.000Z,,,215487,"[""SP1"",""SP2""]",780000,Ativo,GN,"[""Mensal"",""Semanal"",""Diaria"",""Intradiaria""]",2022-09-30T15:41:22.191Z,2022-10-31T20:24:43.588Z,2022-09-30T00:00:00.000Z,,63370e486d17d117a9188655,Aguardando Lançamento,Intradiaria,2022-10-31T20:24:43.588Z
0,6360322aa375f5f8354225f5,[],"[{""SP1"":1231.23},{""SP2"":33.33}]",,2022-08-01T18:12:16.339Z,,2024-07-01T03:00:00.000Z,62e817806d66803aee3da68f,2022-07-01T03:00:00.000Z,,,215487,"[""SP1"",""SP2""]",780000,Ativo,GN,"[""Mensal"",""Semanal"",""Diaria"",""Intradiaria""]",2022-09-30T15:41:22.191Z,2022-10-31T20:38:02.485Z,2022-09-30T00:00:00.000Z,,63370e486d17d117a9188655,Aguardando Lançamento,Intradiaria,2022-10-31T20:38:02.485Z
0,63641dea292d156c1b827e3c,[],"[{""SP1"":1231.23},{""SP2"":33.33}]",,2022-08-01T18:12:16.339Z,,2024-07-01T03:00:00.000Z,62e817806d66803aee3da68f,2022-07-01T03:00:00.000Z,,,215487,"[""SP1"",""SP2""]",780000,Ativo,GN,"[""Mensal"",""Semanal"",""Diaria"",""Intradiaria""]",2022-09-30T15:41:22.191Z,2022-11-03T20:00:42.392Z,2022-11-02T00:00:00.000Z,,63370e486d17d117a9188655,Aguardando Lançamento,Intradiaria,2022-11-03T20:00:42.392Z
0,63641def292d156c1b827e42,[],"[{""SP1"":1231.23},{""SP2"":33.33}]",,2022-08-01T18:12:16.339Z,,2024-07-01T03:00:00.000Z,62e817806d66803aee3da68f,2022-07-01T03:00:00.000Z,,,215487,"[""SP1"",""SP2""]",780000,Ativo,GN,"[""Mensal"",""Semanal"",""Diaria"",""Intradiaria""]",2022-09-30T15:41:22.191Z,2022-11-03T20:00:47.694Z,2022-11-03T00:00:00.000Z,,63370e486d17d117a9188655,Aguardando Lançamento,Intradiaria,2022-11-03T20:00:47.694Z
0,63654ed983af3390efc21fd4,[],"[{""AL"":155000}]",,2022-09-27T21:06:10.133Z,,2025-09-27T03:00:00.000Z,633365c27cade81f2eac9313,2022-09-27T03:00:00.000Z,,,1664312711086,"[""AL""]",5000,Ativo,GN,"[""Anual"",""Trimestral"",""Mensal"",""Diaria"",""Intradiaria""]",2022-11-04T17:10:16.149Z,2022-11-04T17:41:45.595Z,2023-01-01T00:00:00.000Z,2023-01-01T00:00:00.000Z,63331d0c7bf66cadf88a0bf2,Aguardando Lançamento,Anual,2022-11-04T19:26:35.330Z
0,63654ed983af3390efc21fd5,[],"[{""AL"":130000}]",,2022-09-27T21:06:10.133Z,,2025-09-27T03:00:00.000Z,633365c27cade81f2eac9313,2022-09-27T03:00:00.000Z,,,1664312711086,"[""AL""]",5000,Ativo,GN,"[""Anual"",""Trimestral"",""Mensal"",""Diaria"",""Intradiaria""]",2022-11-04T17:10:16.149Z,2022-11-04T17:41:45.603Z,2023-02-01T00:00:00.000Z,2023-01-01T00:00:00.000Z,63331d0c7bf66cadf88a0bf2,Aguardando Lançamento,Anual,2022-11-04T19:26:35.330Z
0,63654ed983af3390efc21fd6,[],"[{""AL"":155000}]",,2022-09-27T21:06:10.133Z,,2025-09-27T03:00:00.000Z,633365c27cade81f2eac9313,2022-09-27T03:00:00.000Z,,,1664312711086,"[""AL""]",5000,Ativo,GN,"[""Anual"",""Trimestral"",""Mensal"",""Diaria"",""Intradiaria""]",2022-11-04T17:10:16.149Z,2022-11-04T17:41:45.604Z,2023-03-01T00:00:00.000Z,2023-01-01T00:00:00.000Z,63331d0c7bf66cadf88a0bf2,Aguardando Lançamento,Anual,2022-11-04T19:26:35.330Z
0,63654ed983af3390efc21fd7,[],"[{""AL"":150000}]",,2022-09-27T21:06:10.133Z,,2025-09-27T03:00:00.000Z,633365c27cade81f2eac9313,2022-09-27T03:00:00.000Z,,,1664312711086,"[""AL""]",5000,Ativo,GN,"[""Anual"",""Trimestral"",""Mensal"",""Diaria"",""Intradiaria""]",2022-11-04T17:10:16.149Z,2022-11-04T17:41:45.605Z,2023-04-01T00:00:00.000Z,2023-01-01T00:00:00.000Z,63331d0c7bf66cadf88a0bf2,Aguardando Lançamento,Anual,2022-11-04T19:26:35.330Z
0,63654ed983af3390efc21fd8,[],"[{""AL"":155000}]",,2022-09-27T21:06:10.133Z,,2025-09-27T03:00:00.000Z,633365c27cade81f2eac9313,2022-09-27T03:00:00.000Z,,,1664312711086,"[""AL""]",5000,Ativo,GN,"[""Anual"",""Trimestral"",""Mensal"",""Diaria"",""Intradiaria""]",2022-11-04T17:10:16.149Z,2022-11-04T17:41:45.607Z,2023-05-01T00:00:00.000Z,2023-01-01T00:00:00.000Z,63331d0c7bf66cadf88a0bf2,Aguardando Lançamento,Anual,2022-11-04T19:26:35.330Z
0,63654ed983af3390efc21fd9,[],"[{""AL"":150000}]",,2022-09-27T21:06:10.133Z,,2025-09-27T03:00:00.000Z,633365c27cade81f2eac9313,2022-09-27T03:00:00.000Z,,,1664312711086,"[""AL""]",5000,Ativo,GN,"[""Anual"",""Trimestral"",""Mensal"",""Diaria"",""Intradiaria""]",2022-11-04T17:10:16.149Z,2022-11-04T17:41:45.607Z,2023-06-01T00:00:00.000Z,2023-01-01T00:00:00.000Z,63331d0c7bf66cadf88a0bf2,Aguardando Lançamento,Anual,2022-11-04T19:26:35.330Z
0,63654ed983af3390efc21fda,[],"[{""AL"":155000}]",,2022-09-27T21:06:10.133Z,,2025-09-27T03:00:00.000Z,633365c27cade81f2eac9313,2022-09-27T03:00:00.000Z,,,1664312711086,"[""AL""]",5000,Ativo,GN,"[""Anual"",""Trimestral"",""Mensal"",""Diaria"",""Intradiaria""]",2022-11-04T17:10:16.149Z,2022-11-04T17:41:45.607Z,2023-07-01T00:00:00.000Z,2023-01-01T00:00:00.000Z,63331d0c7bf66cadf88a0bf2,Aguardando Lançamento,Anual,2022-11-04T19:26:35.330Z
0,63654ed983af3390efc21fdb,[],"[{""AL"":155000}]",,2022-09-27T21:06:10.133Z,,2025-09-27T03:00:00.000Z,633365c27cade81f2eac9313,2022-09-27T03:00:00.000Z,,,1664312711086,"[""AL""]",5000,Ativo,GN,"[""Anual"",""Trimestral"",""Mensal"",""Diaria"",""Intradiaria""]",2022-11-04T17:10:16.149Z,2022-11-04T17:41:45.608Z,2023-08-01T00:00:00.000Z,2023-01-01T00:00:00.000Z,63331d0c7bf66cadf88a0bf2,Aguardando Lançamento,Anual,2022-11-04T19:26:35.330Z
0,63654ed983af3390efc21fdc,[],"[{""AL"":150000}]",,2022-09-27T21:06:10.133Z,,2025-09-27T03:00:00.000Z,633365c27cade81f2eac9313,2022-09-27T03:00:00.000Z,,,1664312711086,"[""AL""]",5000,Ativo,GN,"[""Anual"",""Trimestral"",""Mensal"",""Diaria"",""Intradiaria""]",2022-11-04T17:10:16.149Z,2022-11-04T17:41:45.608Z,2023-09-01T00:00:00.000Z,2023-01-01T00:00:00.000Z,63331d0c7bf66cadf88a0bf2,Aguardando Lançamento,Anual,2022-11-04T19:26:35.330Z
0,63654ed983af3390efc21fdd,[],"[{""AL"":155000}]",,2022-09-27T21:06:10.133Z,,2025-09-27T03:00:00.000Z,633365c27cade81f2eac9313,2022-09-27T03:00:00.000Z,,,1664312711086,"[""AL""]",5000,Ativo,GN,"[""Anual"",""Trimestral"",""Mensal"",""Diaria"",""Intradiaria""]",2022-11-04T17:10:16.149Z,2022-11-04T17:41:45.608Z,2023-10-01T00:00:00.000Z,2023-01-01T00:00:00.000Z,63331d0c7bf66cadf88a0bf2,Aguardando Lançamento,Anual,2022-11-04T19:26:35.330Z
0,63654ed983af3390efc21fde,[],"[{""AL"":150000}]",,2022-09-27T21:06:10.133Z,,2025-09-27T03:00:00.000Z,633365c27cade81f2eac9313,2022-09-27T03:00:00.000Z,,,1664312711086,"[""AL""]",5000,Ativo,GN,"[""Anual"",""Trimestral"",""Mensal"",""Diaria"",""Intradiaria""]",2022-11-04T17:10:16.149Z,2022-11-04T17:41:45.609Z,2023-11-01T00:00:00.000Z,2023-01-01T00:00:00.000Z,63331d0c7bf66cadf88a0bf2,Aguardando Lançamento,Anual,2022-11-04T19:26:35.330Z
0,63654ed983af3390efc21fdf,[],"[{""AL"":150500}]",,2022-09-27T21:06:10.133Z,,2025-09-27T03:00:00.000Z,633365c27cade81f2eac9313,2022-09-27T03:00:00.000Z,,,1664312711086,"[""AL""]",5000,Ativo,GN,"[""Anual"",""Trimestral"",""Mensal"",""Diaria"",""Intradiaria""]",2022-11-04T17:10:16.149Z,2022-11-04T17:41:45.609Z,2023-12-01T00:00:00.000Z,2023-01-01T00:00:00.000Z,63331d0c7bf66cadf88a0bf2,Aguardando Lançamento,Anual,2022-11-04T19:26:35.330Z
0,636a9666dbcd56037dea2774,[],"[{""RN1"":500000},{""RN2"":500000}]",,2022-08-30T15:17:13.006Z,,2023-12-31T03:00:00.000Z,630e29f8554a3859ad22b4df,2022-01-01T03:00:00.000Z,,,664455,"[""RN1"",""RN2""]",1000000,Ativo,GN,"[""Trimestral"",""Mensal"",""Diaria"",""Intradiaria""]",2022-11-08T17:37:36.022Z,2022-11-08T17:48:22.788Z,2022-11-08T00:00:00.000Z,,632cafd61e679e4f4792b171,Aguardando Lançamento,Intradiaria,2022-11-08T17:48:22.788Z
0,636bc77df2487d7d7ab60193,[],"[{""SP1"":1231.23},{""SP2"":33.33}]",,2022-08-01T18:12:16.339Z,,2024-07-01T03:00:00.000Z,62e817806d66803aee3da68f,2022-07-01T03:00:00.000Z,,,215487,"[""SP1"",""SP2""]",780000,Ativo,GN,"[""Mensal"",""Semanal"",""Diaria"",""Intradiaria""]",2022-09-30T15:41:22.191Z,2022-11-09T15:30:06.076Z,2022-11-03T00:00:00.000Z,,63370e486d17d117a9188655,Aguardando Lançamento,Intradiaria,2022-11-09T15:30:06.076Z